steps,binom_value
2,5.63375
4,5.76426
8,5.86156
16,5.92294
32,5.95272
64,5.96592
128,5.97285
256,5.976
512,5.97764
1024,5.97841
2048,5.9788
4096,5.97899
